date,generationPower_kwh,generationPower_peak_kw,pvPower_kwh,pvPower_peak_kw,meterPower2_kwh,meterPower2_peak_kw,fox_string_pv_kwh,ac_solar_kwh,total_pv_kwh
2025-12-01,38.965,12.367,21.754,5.375,16.647,3.346,21.754,16.647,38.401
2025-12-02,50.097,12.348,42.941,7.042,26.139,3.876,42.941,26.139,69.08
2025-12-03,44.817,12.36,41.605,33.746,25.727,16.493,41.605,25.727,67.332
2025-12-04,45.127,12.359,40.427,6.403,25.04,3.527,40.427,25.04,65.467
2025-12-05,41.1,12.258,39.124,6.434,24.281,3.408,39.124,24.281,63.405
2025-12-06,36.587,12.356,27.615,6.304,18.342,3.718,27.615,18.342,45.957
2025-12-07,38.073,12.372,10.531,2.274,7.518,1.535,10.531,7.518,18.049
2025-12-08,19.145,12.174,35.904,7.307,20.828,4.224,35.904,20.828,56.732
2025-12-09,21.291,12.275,39.988,6.269,24.491,3.451,39.988,24.491,64.479
2025-12-10,27.66,12.326,27.399,7.595,15.762,4.096,27.399,15.762,43.161
2025-12-11,13.67,11.982,5.651,5.385,-4.94,3.329,5.651,4.94,10.591
2025-12-12,17.046,12.331,7.565,2.821,-6.65,2.188,7.565,6.65,14.215
2025-12-13,33.283,12.41,24.143,6.547,-23.456,4.372,24.143,23.456,47.599
2025-12-14,37.831,12.284,34.376,6.497,-27.138,4.17,34.376,27.138,61.514
2025-12-15,36.065,12.144,31.685,7.314,-22.747,4.766,31.685,22.747,54.432
2025-12-16,36.608,14.449,9.561,3.5,-8.203,2.633,9.561,8.203,17.764
2025-12-17,41.817,12.413,38.767,6.599,-27.83,4.626,38.767,27.83,66.597
2025-12-18,37.351,12.282,37.633,6.409,-29.552,4.187,37.633,29.552,67.185
2025-12-19,43.414,12.425,32.659,6.364,-25.275,4.094,32.659,25.275,57.934
2025-12-20,32.135,12.355,16.914,7.645,-17.323,5.044,16.914,17.323,34.237
2025-12-21,31.205,12.323,26.55,6.568,-21.757,4.156,26.55,21.757,48.307
2025-12-22,50.546,12.161,25.691,6.211,-18.329,3.69,25.691,18.329,44.02
2025-12-23,42.848,12.014,39.386,14.808,-29.46,13.094,39.386,29.46,68.846
2025-12-24,33.07,10.201,38.856,6.671,-27.337,7.915,38.856,27.337,66.193
2025-12-25,48.089,10.76,17.732,6.73,-15.716,4.253,17.732,15.716,33.448
2025-12-26,42.65,10.237,7.081,2.533,-7.144,2.018,7.081,7.144,14.225
2025-12-27,41.123,10.315,33.94,7.486,-23.855,4.295,33.94,23.855,57.795
2025-12-28,44.22,10.157,32.626,6.81,-23.782,4.265,32.626,23.782,56.408
2025-12-29,39.801,10.345,41.774,6.212,-29.036,3.813,41.774,29.036,70.81
2025-12-30,28.953,10.315,42.239,5.811,-30.883,3.704,42.239,30.883,73.122
2025-12-31,25.931,10.294,24.214,5.192,-19.26,3.629,24.214,19.26,43.474
2026-01-01,41.989,10.246,6.785,1.76,-6.614,1.352,6.785,6.614,13.399
2026-01-02,25.887,10.335,23.083,6.631,-17.446,4.244,23.083,17.446,40.529
2026-01-03,24.531,10.378,23.437,6.573,-17.626,4.29,23.437,17.626,41.063
2026-01-04,30.424,10.336,26.015,5.822,-20.016,3.814,26.015,20.016,46.031
2026-01-05,23.912,10.304,29.531,6.688,-23.368,4.139,29.531,23.368,52.899
2026-01-06,28.605,10.238,40.103,5.401,-27.946,3.544,40.103,27.946,68.049
2026-01-07,32.598,10.301,42.342,5.549,-29.907,3.532,42.342,29.907,72.249
2026-01-08,27.017,10.271,41.635,5.536,-30.013,3.52,41.635,30.013,71.648
2026-01-09,27.171,10.272,41.236,5.602,-30.139,3.573,41.236,30.139,71.375
2026-01-10,20.405,10.272,39.364,5.299,-28.805,3.422,39.364,28.805,68.169
2026-01-11,32.107,10.334,2.425,0.998,-3.462,0.839,2.425,3.462,5.887
2026-01-12,30.233,10.322,11.82,3.542,-9.809,2.59,11.82,9.809,21.629
2026-01-13,30.9,10.231,34.304,5.882,-24.396,4.07,34.304,24.396,58.7
2026-01-14,24.489,10.333,23.8,6.885,-18.9,4.264,23.8,18.9,42.7
2026-01-15,21.365,10.309,29.359,6.808,-21.284,4.141,29.359,21.284,50.643
2026-01-16,24.326,10.255,22.748,6.198,-16.661,4.177,22.748,16.661,39.409
2026-01-17,35.565,10.376,9.068,4.819,-8.814,3.726,9.068,8.814,17.882
2026-01-18,30.442,10.333,12.244,4.388,-10.581,3.182,12.244,10.581,22.825
2026-01-19,34.296,10.219,31.782,6.976,-21.961,4.262,31.782,21.961,53.743
2026-01-20,29.72,10.252,32.805,6.765,-22.577,4.246,32.805,22.577,55.382
2026-01-21,24.203,10.255,36.792,6.909,-26.69,4.284,36.792,26.69,63.482
2026-01-22,16.67,10.289,24.44,7.113,-19.003,4.262,24.44,19.003,43.443
2026-01-23,26.22,11.584,35.123,11.354,-24.799,7.762,35.123,24.799,59.922
2026-01-24,34.77,12.679,40.779,10.694,-29.321,8.155,40.779,29.321,70.1
2026-01-25,24.014,10.272,37.884,5.297,-26.992,3.303,37.884,26.992,64.876
2026-01-26,18.313,10.24,18.784,4.952,-15.13,3.496,18.784,15.13,33.914
2026-01-27,27.08,10.251,40.302,5.632,-26.527,3.649,40.302,26.527,66.829
2026-01-28,30.783,10.266,40.753,5.551,-29.238,3.589,40.753,29.238,69.991
2026-01-29,25.221,10.256,39.262,5.373,-27.309,3.394,39.262,27.309,66.571
2026-01-30,27.658,10.252,35.709,5.794,-25.337,4.01,35.709,25.337,61.046
2026-01-31,23.52,10.285,37.485,5.183,-26.671,3.333,37.485,26.671,64.156
2026-02-01,20.39,10.371,15.826,6.826,-12.684,4.256,15.826,12.684,28.51
2026-02-02,28.615,10.244,33.638,6.962,-23.24,4.266,33.638,23.24,56.878
2026-02-03,21.837,10.28,24.918,6.967,-18.281,4.258,24.918,18.281,43.199
2026-02-04,26.081,10.286,39.277,5.49,-27.936,3.458,39.277,27.936,67.213
2026-02-05,29.388,10.348,35.468,5.405,-25.661,3.341,35.468,25.661,61.129
2026-02-06,21.032,10.287,25.051,7.644,-19.143,4.963,25.051,19.143,44.194
2026-02-07,23.287,10.184,29.846,5.445,-22.914,3.505,29.846,22.914,52.76
2026-02-08,37.512,10.334,4.629,2.043,-4.724,1.548,4.629,4.724,9.353
2026-02-09,28.878,10.268,15.242,6.491,-10.475,4.007,15.242,10.475,25.717
2026-02-10,20.33,10.314,27.982,5.387,-21.444,3.837,27.982,21.444,49.426
2026-02-11,24.359,10.249,34.246,5.797,-24.731,3.561,34.246,24.731,58.977
2026-02-12,31.522,10.337,10.068,2.804,-8.788,2.259,10.068,8.788,18.856
2026-02-13,37.84,10.357,6.16,1.579,-5.719,1.389,6.16,5.719,11.879
2026-02-14,27.224,10.306,25.587,6.639,-17.179,4.252,25.587,17.179,42.766
2026-02-15,20.819,10.302,27.231,14.847,-18.584,9.281,27.231,18.584,45.815
2026-02-16,23.088,10.346,23.757,6.852,-17.264,4.24,23.757,17.264,41.021
2026-02-17,28.231,10.354,36.943,5.38,-25.497,3.465,36.943,25.497,62.44
2026-02-18,13.967,10.29,27.408,6.525,-20.093,3.959,27.408,20.093,47.501
2026-02-19,17.178,10.343,21.084,5.936,-15.023,3.829,21.084,15.023,36.107
2026-02-20,38.512,10.384,12.625,3.872,-10.705,2.822,12.625,10.705,23.33
2026-02-21,16.092,10.352,27.093,5.2,-20.821,3.15,27.093,20.821,47.914
2026-02-22,30.94,10.355,29.633,5.348,-21.688,3.333,29.633,21.688,51.321
2026-02-23,33.134,10.384,15.658,4.041,-13.467,2.787,15.658,13.467,29.125
2026-02-24,27.723,10.336,34.608,5.141,-22.675,3.24,34.608,22.675,57.283
2026-02-25,19.453,10.236,25.881,6.018,-19.415,3.648,25.881,19.415,45.296
2026-02-26,38.864,10.339,30.866,5.819,-21.006,3.716,30.866,21.006,51.872
2026-02-27,38.039,10.306,2.405,1.623,-3.259,1.063,2.405,3.259,5.664
2026-02-28,27.556,10.388,32.443,6.394,-20.943,4.014,32.443,20.943,53.386
2026-03-01,28.383,10.338,13.256,3.034,-10.791,2.059,13.256,10.791,24.047
2026-03-02,27.072,10.368,23.399,6.162,-17.199,4.158,23.399,17.199,40.598
2026-03-03,37.202,10.355,13.249,5.605,-10.063,2.864,13.249,10.063,23.312
2026-03-04,28.509,10.306,19.836,5.494,-12.843,3.556,19.836,12.843,32.679
2026-03-05,20.696,10.328,23.936,5.589,-5.208,2.598,23.936,5.208,29.144
2026-03-06,23.484,10.323,29.778,5.242,-20.138,3.41,29.778,20.138,49.916
2026-03-07,29.948,10.4,16.573,5.819,-13.139,3.678,16.573,13.139,29.712
2026-03-08,22.601,10.378,17.173,7.067,-13.006,4.205,17.173,13.006,30.179
2026-03-09,30.941,17.566,10.345,7.524,-8.643,4.282,10.345,8.643,18.988
2026-03-10,35.694,10.369,13.741,6.424,-11.281,4.129,13.741,11.281,25.022
2026-03-11,23.783,10.379,30.418,5.061,-20.501,3.129,30.418,20.501,50.919
2026-03-12,19.131,10.386,16.872,5.875,-14.144,3.641,16.872,14.144,31.016
2026-03-13,32.954,10.396,12.424,4.696,-10.872,3.675,12.424,10.872,23.296
2026-03-14,17.511,10.314,21.614,6.848,-16.676,4.041,21.614,16.676,38.29
2026-03-15,21.258,10.389,28.974,7.305,-20.111,4.54,28.974,20.111,49.085
2026-03-16,16.528,10.424,24.103,5.043,-17.904,3.125,24.103,17.904,42.007
2026-03-17,33.497,10.433,16.279,4.013,-12.878,2.795,16.279,12.878,29.157
2026-03-18,27.459,10.366,14.045,5.927,-10.942,3.965,14.045,10.942,24.987
2026-03-19,31.409,10.396,7.519,2.836,-6.593,1.824,7.519,6.593,14.112
2026-03-20,36.157,10.39,12.928,6.755,-9.986,4.07,12.928,9.986,22.914
2026-03-21,26.679,10.441,16.573,6.519,-14.197,3.87,16.573,14.197,30.77
2026-03-22,25.93,10.399,24.141,5.59,-16.988,3.453,24.141,16.988,41.129
2026-03-23,27.458,10.405,24.381,4.732,-16.974,2.974,24.381,16.974,41.355
2026-03-24,24.812,10.442,24.987,4.691,-18.044,2.962,24.987,18.044,43.031
2026-03-25,21.632,10.447,23.232,4.751,-16.855,3.199,23.232,16.855,40.087
2026-03-26,24.67,10.425,20.904,5.373,-15.344,3.6,20.904,15.344,36.248
2026-03-27,30.757,10.409,15.71,5.877,-13.125,4.052,15.71,13.125,28.835
2026-03-28,15.739,10.368,19.12,6.286,-14.106,3.908,19.12,14.106,33.226
2026-03-29,23.075,10.398,24.457,4.969,-17.488,3.085,24.457,17.488,41.945
2026-03-30,26.332,16.033,23.971,5.154,-17.062,3.526,23.971,17.062,41.033
2026-03-31,17.323,10.394,17.482,6.432,-13.605,4.172,17.482,13.605,31.087
2026-04-01,18.339,10.44,21.934,4.803,-16.726,2.893,21.934,16.726,38.66
2026-04-02,14.283,10.353,16.843,4.87,-13.847,3.15,16.843,13.847,30.69
2026-04-03,24.743,10.408,15.218,5.508,-13.079,3.498,15.218,13.079,28.297
2026-04-04,37.134,10.378,2.548,1.546,-3.593,1.099,2.548,3.593,6.141
2026-04-05,32.791,10.417,10.793,4.93,-9.382,3.119,10.793,9.382,20.175
2026-04-06,29.559,10.424,9.32,4.398,-9.504,3.078,9.32,9.504,18.824
2026-04-07,18.421,10.367,18.898,4.31,-15.298,2.671,18.898,15.298,34.196
2026-04-08,23.091,10.433,18.179,4.31,-15.475,2.707,18.179,15.475,33.654
2026-04-09,25.617,10.372,17.548,4.286,-15.028,2.65,17.548,15.028,32.576
2026-04-10,29.964,9.526,12.409,3.185,-10.342,2.358,12.409,10.342,22.751
2026-04-11,25.811,7.418,17.758,4.433,-15.143,2.721,17.758,15.143,32.901
2026-04-12,27.766,7.232,18.057,4.54,-15.81,2.863,18.057,15.81,33.867
2026-04-13,23.513,7.348,17.446,4.42,-15.481,2.755,17.446,15.481,32.927
2026-04-14,25.375,7.524,15.924,4.444,-15.346,10.278,15.924,15.346,31.27
2026-04-15,27.294,7.386,17.752,4.282,-14.954,2.617,17.752,14.954,32.706
2026-04-16,27.995,7.528,16.43,4.255,-14.649,2.592,16.43,14.649,31.079
2026-04-17,18.473,10.423,18.157,4.46,-14.946,2.819,18.157,14.946,33.103
2026-04-18,28.346,10.398,17.234,4.341,-15.295,2.697,17.234,15.295,32.529
2026-04-19,27.204,10.4,16.901,4.328,-14.805,2.615,16.901,14.805,31.706
2026-04-20,29.576,10.413,14.693,4.427,-14.306,8.347,14.693,14.306,28.999
2026-04-21,28.593,10.413,13.153,5.618,-10.181,3.558,13.153,10.181,23.334
2026-04-22,25.136,10.372,10.969,6.128,-9.978,3.802,10.969,9.978,20.947
2026-04-23,24.068,10.398,11.144,3.84,-9.141,2.95,11.144,9.141,20.285
2026-04-24,21.622,10.425,13.871,5.252,-11.483,3.351,13.871,11.483,25.354
2026-04-25,22.649,10.429,14.257,4.323,-12.84,2.744,14.257,12.84,27.097
2026-04-26,21.175,10.388,15.682,4.289,-13.545,2.499,15.682,13.545,29.227
2026-04-27,27.572,10.403,10.182,4.489,-10.397,3.212,10.182,10.397,20.579
2026-04-28,19.806,10.394,14.54,4.226,-13.577,2.443,14.54,13.577,28.117
2026-04-29,25.043,10.398,14.112,4.152,-13.132,2.449,14.112,13.132,27.244
2026-04-30,30.627,10.394,14.542,4.172,-12.185,2.698,14.542,12.185,26.727
2026-05-01,28.876,10.422,9.583,4.734,-9.302,2.977,9.583,9.302,18.885
2026-05-02,30.019,10.428,10.059,4.708,-9.881,2.95,10.059,9.881,19.94
2026-05-03,25.134,10.396,15.138,4.274,-12.777,2.809,15.138,12.777,27.915
2026-05-04,28.126,10.4,7.566,2.578,-6.821,1.988,7.566,6.821,14.387
2026-05-05,19.165,10.392,14.064,4.159,-13.101,2.443,14.064,13.101,27.165
2026-05-06,31.888,10.406,9.039,4.424,-9.657,3.071,9.039,9.657,18.696
2026-05-07,29.788,10.47,9.013,4.134,-10.724,2.505,9.013,10.724,19.737
2026-05-08,34.951,10.433,12.824,3.829,-12.782,2.357,12.824,12.782,25.606
2026-05-09,28.16,10.432,12.633,3.746,-12.417,2.272,12.633,12.417,25.05
2026-05-10,23.303,10.431,11.801,3.913,-11.193,2.206,11.801,11.193,22.994
2026-05-11,28.766,10.447,10.111,4.543,-9.673,3.137,10.111,9.673,19.784
2026-05-12,23.257,10.472,10.701,4.598,-10.326,2.731,10.701,10.326,21.027
2026-05-13,30.987,10.44,6.837,3.784,-6.496,2.976,6.837,6.496,13.333
2026-05-14,21.304,10.438,11.24,3.932,-9.384,2.415,11.24,9.384,20.624
2026-05-15,28.631,10.44,7.782,4.011,-8.584,2.803,7.782,8.584,16.366
2026-05-16,22.962,10.409,9.546,4.494,-8.618,2.71,9.546,8.618,18.164
2026-05-17,34.7,10.472,5.699,10.275,-5.437,8.475,5.699,5.437,11.136
2026-05-18,39.448,11.717,1.86,0.812,-2.767,0.717,1.86,2.767,4.627
2026-05-19,31.208,10.331,9.173,3.544,-7.482,2.55,9.173,7.482,16.655
2026-05-20,28.715,9.603,12.342,3.826,-11.574,2.191,12.342,11.574,23.916
2026-05-21,33.24,10.002,8.079,3.961,-6.841,2.733,8.079,6.841,14.92
2026-05-22,37.402,9.999,5.656,4.287,-5.774,3.098,5.656,5.774,11.43
2026-05-23,33.05,10.029,4.228,1.235,-4.92,1.807,4.228,4.92,9.148
2026-05-24,30.551,10.026,7.494,2.758,-7.255,1.936,7.494,7.255,14.749
2026-05-25,33.986,10.372,6.415,2.589,-5.928,1.784,6.415,5.928,12.343
2026-05-26,34.33,10.046,4.826,3.703,-4.641,2.382,4.826,4.641,9.467
2026-05-27,33.032,10.054,6.353,3.8,-5.71,0.506,6.353,5.71,12.063
2026-05-28,35.332,10.355,4.03,3.495,-4.48,0.0,4.03,4.48,8.51
2026-05-29,37.023,10.031,1.705,1.636,-3.15,0.0,1.705,3.15,4.855
2026-05-30,35.444,9.932,9.426,3.428,-9.5,0.0,9.426,9.5,18.926
2026-05-31,31.706,9.999,10.834,3.343,-10.61,0.0,10.834,10.61,21.444
2026-06-01,37.665,9.969,10.788,3.416,-10.88,0.0,10.788,10.88,21.668
2026-06-02,35.249,8.94,1.336,1.183,-2.59,0.0,1.336,2.59,3.926
2026-06-03,36.112,9.995,10.047,3.919,-9.96,0.0,10.047,9.96,20.007
2026-06-04,32.761,10.063,8.389,4.012,-8.85,0.0,8.389,8.85,17.239
2026-06-05,34.071,10.33,9.723,3.434,-8.36,0.0,9.723,8.36,18.083
2026-06-06,26.035,10.363,10.772,3.314,-10.42,0.0,10.772,10.42,21.192
2026-06-07,35.749,10.021,10.972,3.452,-9.81,0.0,10.972,9.81,20.782
2026-06-08,37.974,10.485,7.321,2.892,-7.34,0.0,7.321,7.34,14.661
2026-06-09,30.182,10.01,10.554,4.004,-9.1,0.0,10.554,9.1,19.654
2026-06-10,27.088,9.986,9.252,2.895,-9.17,0.0,9.252,9.17,18.422
2026-06-11,34.276,10.018,5.234,2.004,-4.88,0.0,5.234,4.88,10.114
2026-06-12,35.059,10.381,3.211,1.584,-3.79,0.0,3.211,3.79,7.001
2026-06-13,24.707,9.867,10.873,2.954,-9.2,0.0,10.873,9.2,20.073
2026-06-14,35.295,10.018,4.693,2.917,-5.05,0.0,4.693,5.05,9.743
2026-06-15,38.956,10.378,3.967,2.888,-4.06,0.0,3.967,4.06,8.027
2026-06-16,40.078,10.361,10.505,2.963,-9.6,0.0,10.505,9.6,20.105
2026-06-17,38.0,10.032,5.842,2.463,-5.96,0.0,5.842,5.96,11.802
2026-06-18,9.512,12.336,3.433,2.025,-2.36,1.085,3.433,2.36,5.793
2026-06-19,36.361,10.015,2.58,2.022,-3.3,1.427,2.58,3.3,5.88
2026-06-20,39.498,10.011,10.061,3.113,-9.582,1.919,10.061,9.582,19.643
2026-06-21,33.527,9.979,10.584,3.215,-9.86,1.899,10.584,9.86,20.444
2026-06-22,32.496,9.648,10.744,3.409,-9.401,2.15,10.744,9.401,20.145
2026-06-23,38.968,9.998,10.028,3.089,-9.169,1.992,10.028,9.169,19.197
2026-06-24,39.248,9.987,10.45,3.273,-9.71,1.89,10.45,9.71,20.16
2026-06-25,39.376,9.999,4.306,2.262,-4.051,1.805,4.306,4.051,8.357
2026-06-26,35.967,10.032,8.924,3.948,-8.463,2.173,8.924,8.463,17.387
2026-06-27,35.047,9.997,8.203,4.831,-6.721,2.614,8.203,6.721,14.924
2026-06-28,37.371,10.022,6.866,3.695,-6.402,2.784,6.866,6.402,13.268
2026-06-29,40.223,10.017,9.167,4.126,-7.524,2.517,9.167,7.524,16.691
2026-06-30,37.398,10.021,6.807,3.036,-6.291,2.202,6.807,6.291,13.098
2026-07-01,39.924,9.997,7.862,2.753,-6.857,1.991,7.862,6.857,14.719
2026-07-02,26.682,9.833,11.179,3.284,-9.722,1.904,11.179,9.722,20.901
2026-07-03,38.543,10.008,8.466,3.764,-9.375,2.529,8.466,9.375,17.841
2026-07-04,38.495,9.836,11.273,3.379,-10.293,1.988,11.273,10.293,21.566
2026-07-05,32.421,10.003,8.13,3.456,-7.178,2.327,8.13,7.178,15.308
2026-07-06,31.093,9.995,6.765,4.003,-6.504,2.171,6.765,6.504,13.269
2026-07-07,40.054,10.018,6.513,3.504,-6.569,2.596,6.513,6.569,13.082
2026-07-08,41.754,10.049,5.838,3.464,-6.121,2.685,5.838,6.121,11.959
2026-07-09,26.343,10.009,9.974,4.036,-8.856,2.416,9.974,8.856,18.83
2026-07-10,1.592,1.994,0.0,0.0,-0.075,0.185,0.0,0.075,0.075
